"2022/01/06, 22:18:50",1385,18052362730307385,18,"zekki_nikoand
・・・
皆さんどうもぜっきーです◎
⠀
本日はパンツの丈感問題おさらい編です🙆‍♂️
⠀
ワイドパンツはいかにゆるっと見せるか
細身パンツはいかにスッキリ見せるかが
ポイントなので、基本僕は
太めはそのまま、細身はロールアップで
合わせることが多いです😌
この投稿を参考に、お気に入りのパンツを
よりカッコよく着こなしてみて下さいね💕👍

⠀
********************************************
⠀
ここまでご覧いただきありがとうございます！
⠀
このアカウントでは、低身長の方に向けて
身長165cmの現役niko and...スタッフの僕が
オススメなアイテム、着こなし方、
コーデについて発信しています📡
▷▷▷⠀zekki_nikoand
⠀
是非一緒にオシャレを楽しみましょう♪
⠀
********************************************
・
zekki_nikoand さんの素敵な投稿をリポストさせていただきました！！
- - - - - - - - - - - - - - - - - - - - - - - - - - - - - -
・
皆さんの素敵な投稿をぜひ紹介させてください！
#洒落男子 または sharedanshi をタグ付けして
男性のモテ投稿をしてくださったら嬉しいです😊
・
- - - - - - - - - - - - - - - - - - - - - - - - - - - - - -
・",2021-12-22T11:16:11+0000,['#洒落男子']
"2022/01/06, 22:18:50",1385,17871822443626738,53,"35youth
・・・
コメントであなたの推しを教えてください！！😪

【韓国男子の美容・ファッションについて発信】

35youth では、

▶メンズスキンケア
▶メンズコスメ
▶韓国ファッション

など、韓国男子の美容に関する情報を発信していきます🧼

35youth をタグ付けで、素敵な投稿をリポストさせていただきます⛓

🖤掲載候補にはコメントすることがあります！
⚠️タグ付けされた投稿は許可なく掲載しますので、その点ご了承ください！

—————————— 𝟯𝟱𝙮𝙤𝙪𝙩𝙝 ——————————

#nars
#ナーズ
#男性用化粧品
#男性化粧品
#メンズコスメ

#韓国男子
#メンズ美容
#美容男子
#コスメ男子
#男性美容

#韓国好きな人と繋がりたい
#韓国すきな人と繋がりたい
#韓国好きな人とつながりたい
#韓国好き
#韓国すき

#垢抜け
#メンズメイク
#韓国系男子
#韓国系
#メンズリップ

#ウーノ
#uno
#ティントリップ
#ティント
#amusecosmetics

#韓国好き
#韓国コスメ
#amuse
#ロムアンドティント
#ロムアンド

・
35youth さんの素敵な投稿をリポストさせていただきました！！
- - - - - - - - - - - - - - - - - - - - - - - - - - - - - -
・
皆さんの素敵な投稿をぜひ紹介させてください！
#洒落男子 または sharedanshi をタグ付けして
男性のモテ投稿をしてくださったら嬉しいです😊
・
- - - - - - - - - - - - - - - - - - - - - - - - - - - - - -
・",2021-12-16T13:08:34+0000,"['#nars', '#ナーズ', '#男性用化粧品', '#男性化粧品', '#メンズコスメ', '#韓国男子', '#メンズ美容', '#美容男子', '#コスメ男子', '#男性美容', '#韓国好きな人と繋がりたい', '#韓国すきな人と繋がりたい', '#韓国好きな人とつながりたい', '#韓国好き', '#韓国すき', '#垢抜け', '#メンズメイク', '#韓国系男子', '#韓国系', '#メンズリップ', '#ウーノ', '#uno', '#ティントリップ', '#ティント', '#amusecosmetics', '#韓国好き', '#韓国コスメ', '#amuse', '#ロムアンドティント', '#ロムアンド', '#洒落男子']"
"2022/01/06, 22:18:50",1385,17901396164307470,25,"motty___wear
・・・
他の投稿はこちらから💁‍♂️▶︎▶︎motty___wear 
⁡
⁡
⁡
今回は万人に受けるGUの新作を紹介しています！　
⁡
今週は定番だけど持っていたら損しない万人受けするアイテムが多かった印象です👍
⁡
⁡
僕はジャケットとカーディガンがほしいです！🙆‍♂️
______________________________ 
⁡
⁡
このアカウントではファッションやお洒落について、特に低身長の方に向けて発信しています！　
⁡
⁡
質問などがありましたらお気軽にコメント、DMください🙆‍♂️
⁡
⁡
良ければフォローもお願いします！　
▶︎▶︎▶︎motty___wear 
⁡
⁡
⁡
⁡
⁡
⁡
#guコーデ #ジーユーコーデ #低身長コーデ #低身長ファッション #メンズファッション #ジーユー #gu購入品 #購入品紹介 #プチプラコーデ #プチプラ #大学生コーデ #デートコーデ #秋冬コーデ #モテコーデ #メンズファッションコーデ #メンズコーディネート #メンズファッションコーディネート #メンズ服 #ビッグシルエット #低身長男子 #低身長コーディネート #低身長男子コーデ #guコーデメンズ #guコーデ部 #guコーディネート #ジーユー男子
⁡ ・
motty___wear さんの素敵な投稿をリポストさせていただきました！！
- - - - - - - - - - - - - - - - - - - - - - - - - - - - - -
・
皆さんの素敵な投稿をぜひ紹介させてください！
#洒落男子 または sharedanshi をタグ付けして
男性のモテ投稿をしてくださったら嬉しいです😊
・
- - - - - - - - - - - - - - - - - - - - - - - - - - - - - -
・",2021-12-15T11:26:13+0000,"['#guコーデ', '#ジーユーコーデ', '#低身長コーデ', '#低身長ファッション', '#メンズファッション', '#ジーユー', '#gu購入品', '#購入品紹介', '#プチプラコーデ', '#プチプラ', '#大学生コーデ', '#デートコーデ', '#秋冬コーデ', '#モテコーデ', '#メンズファッションコーデ', '#メンズコーディネート', '#メンズファッションコーディネート', '#メンズ服', '#ビッグシルエット', '#低身長男子', '#低身長コーディネート', '#低身長男子コーデ', '#guコーデメンズ', '#guコーデ部', '#guコーディネート', '#ジーユー男子', '#洒落男子']"
"2022/01/06, 22:18:50",1385,17929670443822190,22,"sket0117_wear
・・・

【オシャレに見られる服の組み合わせ】
⁡
⁡
定番の組み合わせからちょっとクセのある雰囲気マシマシな合わせ方まで全網羅🌪
⁡
⁡
もう12月なので冬服オンリーでまとめてみたよ♨️
⁡
⁡
とは言っても最近になって銀杏見に行ったりしてたから季節感がバグってきた😵‍💫🌾
⁡
⁡
⁡
⁡
最近の私服でお気に入りなのは2と4かな！
⁡
⁡
⁡
マフラーとデニムが個人的な流行りです🧣👖

・
sket0117_wear さんの素敵な投稿をリポストさせていただきました！！
- - - - - - - - - - - - - - - - - - - - - - - - - - - - - -
・
皆さんの素敵な投稿をぜひ紹介させてください！
#洒落男子 または sharedanshi をタグ付けして
男性のモテ投稿をしてくださったら嬉しいです😊
・
- - - - - - - - - - - - - - - - - - - - - - - - - - - - - -
・",2021-12-08T13:05:51+0000,['#洒落男子']
"2022/01/06, 22:18:50",1385,17934867412833588,32,"kent_lifestyle
・・・
メンズBBクリーム6選

＝＝＝＝＝＝＝＝＝＝＝＝＝＝＝＝

◆NULL

◆LIPPS

◆石澤研究所

◆uno

◆アラミス ラボ

◆DTRT

＝＝＝＝＝＝＝＝＝＝＝＝＝＝＝＝

最後まで見ていただきありがとうございます💐

参考になったら

🤍いいね
🔖保存
🔁シェア

をお願いします！

これからも10〜20代のメンズに役立つ情報を発信していくので、フォローもよろしくお願いします！
bidanshi_jp

＝＝＝＝＝＝＝＝＝＝＝＝＝＝＝＝

#美容男子と繋がりたい
#男性美容
#メンズメイク
#メンズコスメ
#メンズケア
#メイク男子
#メンズ化粧水
#メンズ化粧品
#モテメイク
#スキンケア男子
#スキンケア大事
#メンズコスメブランド
#メンズコスメ好きと繋がりたい
#男子力
#モテる男 
#nullbbクリーム 
#lippsboy 
#ベジボーイbbクリーム 
#unoフェイスカラークリエイター 
#unoフェイスカラークリエーター 
#フェイスカラークリエイター 
#アラミスラボ 
#アラミスラボシリーズ 
#getreadybb
・
kent_lifestyle さんの素敵な投稿をリポストさせていただきました！！
- - - - - - - - - - - - - - - - - - - - - - - - - - - - - -
・
皆さんの素敵な投稿をぜひ紹介させてください！
#洒落男子 または sharedanshi をタグ付けして
男性のモテ投稿をしてくださったら嬉しいです😊
・
- - - - - - - - - - - - - - - - - - - - - - - - - - - - - -
・",2021-12-07T13:04:52+0000,"['#美容男子と繋がりたい', '#男性美容', '#メンズメイク', '#メンズコスメ', '#メンズケア', '#メイク男子', '#メンズ化粧水', '#メンズ化粧品', '#モテメイク', '#スキンケア男子', '#スキンケア大事', '#メンズコスメブランド', '#メンズコスメ好きと繋がりたい', '#男子力', '#モテる男', '#nullbbクリーム', '#lippsboy', '#ベジボーイbbクリーム', '#unoフェイスカラークリエイター', '#unoフェイスカラークリエーター', '#フェイスカラークリエイター', '#アラミスラボ', '#アラミスラボシリーズ', '#getreadybb', '#洒落男子']"
"2022/01/06, 22:18:50",1385,17969465410468403,45,"pepepemen
・・・
【メンズメイク　正しいメイク方法】

年をとってくるとシワが気になる人もいるでしょう。 
もしくは青ヒゲやニキビなどの肌荒れを隠したいという人もいると思います。 

そんな人はコンシーラーやファンデーションだけを使えば解決しますが、中にはメイクをするとバレるのではないかと不安を感じている人もいるのではないでしょうか。 
このような悩みを抱えている人は正しいメイク方法を知っておけば解決できるんです。

そこでバレないメンズメイクの方法をご紹介していきます。 

ーーーーーーーーーーーーーーーーーーーーーーー

メンズスキンケアに役立つ情報をほぼ毎日配信してます！

投稿のいいね・保存、アカウントのフォローをして頂けるとすごく嬉しい+更新の励みになりますのでよろしくお願いします⭐︎

PEPEPEMENのメディアも覗いてみてください(^^)

pepepemen

ーーーーーーーーーーーーーーーーーーーーーーー

#pepepemen #ペペペメン #メンズ美容 #美容男子 #美容男子部 #美肌男子 #美容男子と繋がりたい #美肌 #メンズコスメ #メンズ化粧品 #美肌になりたい #男の肌ケア #メンズコスメ初心者 #メンズスキンケア初心者 #メンズメイク #メンズメイクやり方 #男のメイク #青髭対策 #ニキビ対策 #正しいスキンケア #ばれないメイク #ベースメイク #コンシーラー #メンズ洗顔料 #メンズ化粧水 #メンズファンデーション #メンズ化粧下地 #肌のテカり #メンズメイクのポイント
・
pepepemen さんの素敵な投稿をリポストさせていただきました！！
- - - - - - - - - - - - - - - - - - - - - - - - - - - - - -
・
皆さんの素敵な投稿をぜひ紹介させてください！
#洒落男子 または sharedanshi をタグ付けして
男性のモテ投稿をしてくださったら嬉しいです😊
・
- - - - - - - - - - - - - - - - - - - - - - - - - - - - - -
・",2021-12-02T12:51:51+0000,"['#pepepemen', '#ペペペメン', '#メンズ美容', '#美容男子', '#美容男子部', '#美肌男子', '#美容男子と繋がりたい', '#美肌', '#メンズコスメ', '#メンズ化粧品', '#美肌になりたい', '#男の肌ケア', '#メンズコスメ初心者', '#メンズスキンケア初心者', '#メンズメイク', '#メンズメイクやり方', '#男のメイク', '#青髭対策', '#ニキビ対策', '#正しいスキンケア', '#ばれないメイク', '#ベースメイク', '#コンシーラー', '#メンズ洗顔料', '#メンズ化粧水', '#メンズファンデーション', '#メンズ化粧下地', '#肌のテカり', '#メンズメイクのポイント', '#洒落男子']"
"2022/01/06, 22:18:50",1385,17931275239873170,26,"uyakun_
・・・
無印良品のスキンケアシリーズ4選比較！
⁡
どのシリーズを買おうか迷っている方は
是非参考にしてください😊

#無印スキンケア #無印化粧水 #無印良品化粧水 #無印 #無印良品

・
uyakun_ さんの素敵な投稿をリポストさせていただきました！！
- - - - - - - - - - - - - - - - - - - - - - - - - - - - - -
・
皆さんの素敵な投稿をぜひ紹介させてください！
#洒落男子 または sharedanshi をタグ付けして
男性のモテ投稿をしてくださったら嬉しいです😊
・
- - - - - - - - - - - - - - - - - - - - - - - - - - - - - -
・",2021-12-01T12:37:16+0000,"['#無印スキンケア', '#無印化粧水', '#無印良品化粧水', '#無印', '#無印良品', '#洒落男子']"
"2022/01/06, 22:18:50",1385,17944224508651444,32,"hicchiwear
・・・
垢抜けた人に共通すること5選
┈┈┈┈┈┈┈┈┈┈
サムネイル画像は最近カフェで撮った写真📷
画像見て思うのは垢抜けするために色々頑張ったなーということ！
⁡
その中で特に大事かなと思ったものをまとめた!!
⁡
.
1:自分に似合う服装を見つける
2:小物にこだわりを持つ
3:スキンケアで肌を清潔に
4:小顔矯正(HIFU)でマスク外しても〇な顔に
5:ヘアケアで髪の毛にも潤いを
⁡
┈┈┈┈┈┈┈┈┈┈
今回は4で紹介した小顔矯正の経過観察に行ってきたよ！
⁡
東京中央美容外科堺院( tcbsakai )で
小顔施術のHIFE(ソノクイーン)の経過観察してきたよ!!
.
 beforeafterは１ヶ月後が1番効果あるらしいので別の投稿でお知らせします!!
.
⁡
.
. 
今回もめちゃかわな院長の #はる先生( tcb_haru )に
施術前の相談にのってもらいました🙆‍♀️
.
ありがとうございます!!
beforeafter載せるの楽しみなくらい施術後も効果ありです( ⌯᷄௰⌯᷅ )
.
.
#垢抜け #垢抜ける方法 #垢抜けの教科書 
 #TCBソノクイーン #リフトアップ #美容整形ならTCB東京中央美容外科  #バルクオム #BULKHOMME #メンズ美容 #美容男子 いいね返し #いいね返しは絶対 #いいね100 #東京中央美容外科 #美容外科 #堺東 #美容クリニック #美容医療 #堺院 #東京中央美容外科堺院 #TCB #ソノクイーン #ハイフ #HIFE  #池田悠 #Drはる #pr
・
hicchiwear さんの素敵な投稿をリポストさせていただきました！！
- - - - - - - - - - - - - - - - - - - - - - - - - - - - - -
・
皆さんの素敵な投稿をぜひ紹介させてください！
#洒落男子 または sharedanshi をタグ付けして
男性のモテ投稿をしてくださったら嬉しいです😊
・
- - - - - - - - - - - - - - - - - - - - - - - - - - - - - -
・",2021-11-30T12:32:11+0000,"['#はる先生(', '#垢抜け', '#垢抜ける方法', '#垢抜けの教科書', '#TCBソノクイーン', '#リフトアップ', '#美容整形ならTCB東京中央美容外科', '#バルクオム', '#BULKHOMME', '#メンズ美容', '#美容男子', '#いいね返しは絶対', '#いいね100', '#東京中央美容外科', '#美容外科', '#堺東', '#美容クリニック', '#美容医療', '#堺院', '#東京中央美容外科堺院', '#TCB', '#ソノクイーン', '#ハイフ', '#HIFE', '#池田悠', '#Drはる', '#pr', '#洒落男子']"
"2022/01/06, 22:18:50",1385,18112591486270555,24,"kent_lifestyle
・・・
体臭ケア、大丈夫？
メンズ制汗剤7選

＝＝＝＝＝＝＝＝＝＝＝＝＝＝＝＝

◆メンズビオレ

◆ギャツビー

◆エージーデオ２４

◆8×4 MEN

◆ロート製薬

◆デ・オウ

◆Ban

＝＝＝＝＝＝＝＝＝＝＝＝＝＝＝＝

最後まで見ていただきありがとうございます💐

参考になったら

🤍いいね
🔖保存
🔁シェア

をお願いします！

これからも10〜20代のメンズに役立つ情報を発信していくので、フォローもよろしくお願いします！
asap_official.jp

＝＝＝＝＝＝＝＝＝＝＝＝＝＝＝＝

#美容男子と繋がりたい
#男性美容
#メンズ制汗剤
#ニオイケア
#制汗剤
#メンズメイク
#メンズコスメ
#メンズケア
#メイク男子
#メンズ化粧水
#メンズ化粧品
#モテメイク
#スキンケア男子
#スキンケア大事
#メンズコスメブランド
#メンズコスメ好きと繋がりたい
#男子力
#モテる男
・
kent_lifestyle さんの素敵な投稿をリポストさせていただきました！！
- - - - - - - - - - - - - - - - - - - - - - - - - - - - - -
・
皆さんの素敵な投稿をぜひ紹介させてください！
#洒落男子 または sharedanshi をタグ付けして
男性のモテ投稿をしてくださったら嬉しいです😊
・
- - - - - - - - - - - - - - - - - - - - - - - - - - - - - -
・",2021-11-26T12:02:07+0000,"['#美容男子と繋がりたい', '#男性美容', '#メンズ制汗剤', '#ニオイケア', '#制汗剤', '#メンズメイク', '#メンズコスメ', '#メンズケア', '#メイク男子', '#メンズ化粧水', '#メンズ化粧品', '#モテメイク', '#スキンケア男子', '#スキンケア大事', '#メンズコスメブランド', '#メンズコスメ好きと繋がりたい', '#男子力', '#モテる男', '#洒落男子']"
"2022/01/06, 22:18:50",1385,17890449950426248,34,"0508_makeup
・・・
【ニキビが治る韓国化粧水6選】
・CORSX
フルフィットプロポリスシナジートナー
・Auna 
ドクダミ 77 スージングトナー
・ONE THING 
ツボクサ化粧水
・innisfree 
グリーンティーシード スキン
・ティルティル
パーフェクトシービタエッセンス
・VTコスメティックス
CICA化粧水
.
あなたのいいねや保存で
あなたと同じ悩みの誰かに
この情報をシェアできます。
.
【毎日投稿】
ほとんどの人が出来ない
自分磨き・モテテク・恋愛相談について投稿してます！
見逃さないようにフォローをよろしくお願いします！
.
.
✔️外見磨きで垢抜けたい
✔️かっこよくなってモテモテになりたい
✔️過去のダサい自分を捨てたい
✔️女子ウケする方法を知りたい
✔️童貞を卒業したい！

という方はこちらのプロフィールから
LINEに追加してください！
その悩み解決します！
.
↓↓↓↓↓↓↓↓↓↓↓↓↓↓↓↓↓↓

0508_makeup
snoop.y0505

こちらで公式LINEに追加して
なんでも相談してください！
一緒に磨き上げましょう！

sukilabo 
monotone_danshi 
asap_official.jp 
sharedanshi 
ezaf.me 
mencos_jp 
.
#メンズスキンケア #メンズコスメ #メンズ美容 #美容男子 #垢抜け #スキンケア男子 #ニキビケア #ニキビスキンケア #ニキビ治したい #清潔感 #自分磨き #メンズ化粧品 #ニキビ改善 #ニキビ治らない #メンズコスメ好きと繋がりたい #vtcosmetic #ティルティル #イニスフリー #ワンシング化粧水 #auna #cosrx #スキンケア紹介 #スキンケア方法 #スキンケア商品 #ニキビ肌改善 #boysbeauty #mencos #洒落男子 #モノダン #スキラボ
・
0508_makeup さんの素敵な投稿をリポストさせていただきました！！
- - - - - - - - - - - - - - - - - - - - - - - - - - - - - -
・
皆さんの素敵な投稿をぜひ紹介させてください！
#洒落男子 または sharedanshi をタグ付けして
男性のモテ投稿をしてくださったら嬉しいです😊
・
- - - - - - - - - - - - - - - - - - - - - - - - - - - - - -
・",2021-11-24T11:57:50+0000,"['#メンズスキンケア', '#メンズコスメ', '#メンズ美容', '#美容男子', '#垢抜け', '#スキンケア男子', '#ニキビケア', '#ニキビスキンケア', '#ニキビ治したい', '#清潔感', '#自分磨き', '#メンズ化粧品', '#ニキビ改善', '#ニキビ治らない', '#メンズコスメ好きと繋がりたい', '#vtcosmetic', '#ティルティル', '#イニスフリー', '#ワンシング化粧水', '#auna', '#cosrx', '#スキンケア紹介', '#スキンケア方法', '#スキンケア商品', '#ニキビ肌改善', '#boysbeauty', '#mencos', '#洒落男子', '#モノダン', '#スキラボ', '#洒落男子']"
"2022/01/06, 22:18:50",1385,18264396277057412,34,"yakon_fashion
・・・
【男子大学生の勝負服まとめ】
yakon_fashion←押すと他の投稿も見れます。
⁡
⁡
今回は、男子大学生の勝負服を御紹介！！
⁡
⁡
大事な時、着る服に迷うことありませんか？
⁡
⁡
僕も高校時代迷いに迷ってました笑
⁡
⁡
⁡
そんな君に！
⁡
⁡
⁡
この投稿を見てもらいたい😎
⁡
⁡
⁡
⁡
是非、参考にしてください🌱
⁡
⁡
⁡
⁡
お仕事の御依頼＆PR等ありましたら御手数ですが、InstagramのDMまでお願いします。
⁡
⁡
⁡
⁡
⁡
#gu #guコーデ #guコーデ部 #ジーユー #ジーユーコーデ #メンズファッション #メンズファッションコーデ #メンズファッションコーディネート #モテコーデ #モテファッション #モテ服 #デート #デートコーデ #デートファッション #プチプラコーデ #プチプラファッション #プチプラ服 #プチプラコーディネート

・
yakon_fashion さんの素敵な投稿をリポストさせていただきました！！
- - - - - - - - - - - - - - - - - - - - - - - - - - - - - -
・
皆さんの素敵な投稿をぜひ紹介させてください！
#洒落男子 または sharedanshi をタグ付けして
男性のモテ投稿をしてくださったら嬉しいです😊
・
- - - - - - - - - - - - - - - - - - - - - - - - - - - - - -
・",2021-11-19T11:21:21+0000,"['#gu', '#guコーデ', '#guコーデ部', '#ジーユー', '#ジーユーコーデ', '#メンズファッション', '#メンズファッションコーデ', '#メンズファッションコーディネート', '#モテコーデ', '#モテファッション', '#モテ服', '#デート', '#デートコーデ', '#デートファッション', '#プチプラコーデ', '#プチプラファッション', '#プチプラ服', '#プチプラコーディネート', '#洒落男子']"
"2022/01/06, 22:18:50",1385,17929651180888333,41,"satoru_skincare
・・・
.相当色んなものを使ってきましたが、今年使って良かった化粧水をランキングにしてみました。

ちなみに僕の肌は、テカリ肌・敏感肌です。
似たような肌質の方の少しでも参考になればと思います！

価格、効果を考えると1番良いのはバルクオム！その次に無印良品のクリアケアシリーズです！

他のものも良かったのですが、高くて続けにくいというのが僕的にはデメリットでした。(めっちゃ裕福になって、どんなスキンケアも気軽に試せるようになりたい😢笑)

みなさんの今年1番買って良かったスキンケアはなんですか？

今僕は血みどろピーリング気になってます🤔
Qoo10メガ割りだからかおうかな…

5位
#threecosmetics #スリーフォーメンジェントリングローション 
4位
#rezardbeauty #トナーcrisp
3位
#ipsa #ザタイムrアクア 
2位
#無印良品 #クリアケア化粧水 
1位
#バルクオム #thetoner 

.#スキンケア男子 #メンズスキンケア #スキンケアマニア #おすすめ化粧水 #オイリー肌 #オイリー肌対策 #テカリ肌 #脂性肌 #脂性肌改善 #脂性肌のスキンケア #混合肌 #混合肌スキンケア #化粧水 #化粧水難民 #テカリケア #毛穴ケア #さっぱりタイプ #さっぱり

・
satoru_skincare さんの素敵な投稿をリポストさせていただきました！！
- - - - - - - - - - - - - - - - - - - - - - - - - - - - - -
・
皆さんの素敵な投稿をぜひ紹介させてください！
#洒落男子 または sharedanshi をタグ付けして
男性のモテ投稿をしてくださったら嬉しいです😊
・
- - - - - - - - - - - - - - - - - - - - - - - - - - - - - -
・",2021-11-18T11:13:54+0000,"['#threecosmetics', '#スリーフォーメンジェントリングローション', '#rezardbeauty', '#トナーcrisp', '#ipsa', '#ザタイムrアクア', '#無印良品', '#クリアケア化粧水', '#バルクオム', '#thetoner', '#スキンケア男子', '#メンズスキンケア', '#スキンケアマニア', '#おすすめ化粧水', '#オイリー肌', '#オイリー肌対策', '#テカリ肌', '#脂性肌', '#脂性肌改善', '#脂性肌のスキンケア', '#混合肌', '#混合肌スキンケア', '#化粧水', '#化粧水難民', '#テカリケア', '#毛穴ケア', '#さっぱりタイプ', '#さっぱり', '#洒落男子']"
"2022/01/06, 22:18:50",1385,17892328409340934,62,"kaz__lifestyle
・・・
「メンズにおすすめのアクセサリーブランド」
ㅤㅤㅤㅤㅤㅤㅤㅤㅤㅤㅤㅤㅤ
服や音楽が好きならきっとハマるアクセサリーブランドをご紹介します🙆‍♀️
ㅤㅤㅤㅤㅤㅤㅤㅤㅤㅤㅤㅤㅤ
純粋なジュエリーブランドだけではなくファッションブランドも入っていますが、おすすめなので入れちゃいました☺️
ㅤㅤㅤㅤㅤㅤㅤㅤㅤㅤㅤㅤㅤ
女性の方は、クリスマスや誕生日のプレゼントなどの参考にしてもらえたら嬉しいです✨
ㅤㅤㅤㅤㅤㅤㅤㅤㅤㅤㅤㅤㅤ
①TOM WOOD
②CAREERING
③Maison Margiela
④Scat
⑤LAD MUSICIAN
ㅤㅤㅤㅤㅤㅤㅤㅤㅤㅤㅤㅤㅤ
ㅤㅤㅤㅤㅤㅤㅤㅤㅤㅤㅤㅤㅤ

最後までご覧いただきありがとうございました！
いいね&コメント&フォロー待ってます！！ 
ㅤㅤㅤㅤㅤㅤㅤㅤㅤㅤㅤㅤㅤ
ㅤㅤㅤㅤㅤㅤㅤㅤㅤㅤㅤㅤㅤ
--------------------------------------------------ㅤ
ㅤㅤㅤㅤㅤㅤㅤㅤㅤㅤㅤㅤㅤ
kaz__lifestyle 
""服好きフリーランスの暮らし""を発信しています。
ㅤㅤㅤㅤㅤㅤㅤㅤㅤㅤㅤㅤㅤ
■1LDK・東京住み
■無機質な暮らし
■ファッション&コスメのこと
■カフェ&グルメの備忘録
ㅤㅤㅤㅤㅤㅤㅤㅤㅤㅤㅤㅤㅤ
--------------------------------------------------ㅤ
ㅤㅤㅤㅤㅤㅤㅤㅤㅤㅤㅤㅤㅤ
ㅤㅤㅤㅤㅤㅤㅤㅤㅤㅤㅤㅤㅤ
#アクセサリーブランド #シルバーアクセサリー #シルバー925 #天然石アクセサリー #天然石リング #オニキス #ファッションアクセサリー #ユニセックスアクセサリー #シルバージュエリー #ジュエリーブランド #モード系男子 #モード系ファッション #メンズギフト #彼氏の誕生日 #メンズプレゼント #プレゼントにおすすめ #プレゼントに最適 #プレゼントに
・
kaz__lifestyle さんの素敵な投稿をリポストさせていただきました！！
- - - - - - - - - - - - - - - - - - - - - - - - - - - - - -
・
皆さんの素敵な投稿をぜひ紹介させてください！
#洒落男子 または sharedanshi をタグ付けして
男性のモテ投稿をしてくださったら嬉しいです😊
・
- - - - - - - - - - - - - - - - - - - - - - - - - - - - - -
・",2021-11-12T12:59:02+0000,"['#アクセサリーブランド', '#シルバーアクセサリー', '#シルバー925', '#天然石アクセサリー', '#天然石リング', '#オニキス', '#ファッションアクセサリー', '#ユニセックスアクセサリー', '#シルバージュエリー', '#ジュエリーブランド', '#モード系男子', '#モード系ファッション', '#メンズギフト', '#彼氏の誕生日', '#メンズプレゼント', '#プレゼントにおすすめ', '#プレゼントに最適', '#プレゼントに', '#洒落男子']"
"2022/01/06, 22:18:50",1385,17899248650492228,26,"pepepemen
・・・
【メンズマスカラ　徹底解説】

目が小さくて悩んでいる男性の方も多いでしょう。 
目が小さいと人相が悪く見られたり、顔の印象が薄くなりがちです。 

そんな悩みを持っている男性はマスカラをすれば解決できます。 
マスカラと聞くと女性がするイメージが強いと思いますが、最近では男性がすることも多いです。 

しかし今までメイクしたことがない人はマスカラのやり方が分からないと思います。 
そこでメンズマスカラのやり方を初心者向けにご紹介していきます。

ーーーーーーーーーーーーーーーーーーーーーーー

メンズスキンケアに役立つ情報をほぼ毎日配信してます！

投稿のいいね・保存、アカウントのフォローをして頂けるとすごく嬉しい+更新の励みになりますのでよろしくお願いします⭐︎

PEPEPEMENのメディアも覗いてみてください(^^)

pepepemen

ーーーーーーーーーーーーーーーーーーーーーーー

#pepepemen #ペペペメン #メンズ美容 #美容男子 #美容男子部 #美肌男子 #美容男子と繋がりたい #美肌 #メンズコスメ #メンズ化粧品 #美肌になりたい #男の肌ケア #メンズコスメ初心者 #メンズスキンケア初心者 #メンズマスカラ #メンズコスメ好きと繋がりたい #ビューラーの使い方 #まつげカール #マスカラの塗り方 #ホットビューラー #オススメベースメイク #マスカラ長持ちさせる方法 #メンズベースメイク #初心者メイク #印象のあるまつ毛 #目が小さいのがコンプレックス #男性でもマスカラ #マスカラする時のポイント #インパクトのある目元 
・
pepepemen さんの素敵な投稿をリポストさせていただきました！！
- - - - - - - - - - - - - - - - - - - - - - - - - - - - - -
・
皆さんの素敵な投稿をぜひ紹介させてください！
#洒落男子 または sharedanshi をタグ付けして
男性のモテ投稿をしてくださったら嬉しいです😊
・
- - - - - - - - - - - - - - - - - - - - - - - - - - - - - -
・",2021-11-10T12:53:45+0000,"['#pepepemen', '#ペペペメン', '#メンズ美容', '#美容男子', '#美容男子部', '#美肌男子', '#美容男子と繋がりたい', '#美肌', '#メンズコスメ', '#メンズ化粧品', '#美肌になりたい', '#男の肌ケア', '#メンズコスメ初心者', '#メンズスキンケア初心者', '#メンズマスカラ', '#メンズコスメ好きと繋がりたい', '#ビューラーの使い方', '#まつげカール', '#マスカラの塗り方', '#ホットビューラー', '#オススメベースメイク', '#マスカラ長持ちさせる方法', '#メンズベースメイク', '#初心者メイク', '#印象のあるまつ毛', '#目が小さいのがコンプレックス', '#男性でもマスカラ', '#マスカラする時のポイント', '#インパクトのある目元', '#洒落男子']"
"2022/01/06, 22:18:50",1385,17898559499500429,20,"jun_papa___
・・・
いつもご覧いただきありがとうございます😊
いいねや保存、励みになります☺️
フォローも良かったらお願いします🥺

ユニクロの50色ソックス、便利ですよ。
差し色初心者にオススメです！

今回はイエローの靴下をオン。
セーターの柄に使われている色と合わせてみました。
統一感が出て、秋っぽく仕上がったかな😃
・
jun_papa___ さんの素敵な投稿をリポストさせていただきました！！
- - - - - - - - - - - - - - - - - - - - - - - - - - - - - -
・
皆さんの素敵な投稿をぜひ紹介させてください！
#洒落男子 または sharedanshi をタグ付けして
男性のモテ投稿をしてくださったら嬉しいです😊
・
- - - - - - - - - - - - - - - - - - - - - - - - - - - - - -
・",2021-11-04T12:13:58+0000,['#洒落男子']
"2022/01/06, 22:18:50",1385,17886982412448967,22,"sket0117_wear
・・・
⁡
⁡
【色の組み合わせ16パターン】
⁡
⁡
⁡
結構秋服もラストスパート(?)ということで
⁡
最近溜まってきたコーデを一挙紹介🗿
⁡
⁡
⁡
ベースカラーの4つにまとめつつ、
⁡
色合わせのイメージも一つ一つ書いておいたので
⁡
自分の持ってる服といい感じに照らし合わせて使ってみてネ👀
⁡
⁡
⁡
⁡
個人的にはやっぱりグリーンがきてる…！🌳
⁡
YouTubeを始める時にイメージカラーもグリーンにしたわけだけど、
⁡
そのせいもあってか異様に愛着が湧いてる🤗笑
⁡
⁡
⁡
とりあえずグリーン系買ってみよ！👨‍🍳笑

⁡ ・
sket0117_wear さんの素敵な投稿をリポストさせていただきました！！
- - - - - - - - - - - - - - - - - - - - - - - - - - - - - -
・
皆さんの素敵な投稿をぜひ紹介させてください！
#洒落男子 または sharedanshi をタグ付けして
男性のモテ投稿をしてくださったら嬉しいです😊
・
- - - - - - - - - - - - - - - - - - - - - - - - - - - - - -
・",2021-11-01T12:31:00+0000,['#洒落男子']
"2022/01/06, 22:18:50",1385,17903191772173987,19,"hicchiwear

・
hicchiwear さんの素敵な投稿をリポストさせていただきました！！
- - - - - - - - - - - - - - - - - - - - - - - - - - - - - -
・
皆さんの素敵な投稿をぜひ紹介させてください！
#洒落男子 または sharedanshi をタグ付けして
男性のモテ投稿をしてくださったら嬉しいです😊
・
- - - - - - - - - - - - - - - - - - - - - - - - - - - - - -
・",2021-10-28T11:42:30+0000,['#洒落男子']
"2022/01/06, 22:18:50",1385,18185246776176231,19,"mens.picks
・・・
.
　　
　　
◾︎
　　　
ちょっとお洒落なプチギフトや
　
特別な日のスキンケアに
　　
　　　
◾︎
・
mens.picks さんの素敵な投稿をリポストさせていただきました！！
- - - - - - - - - - - - - - - - - - - - - - - - - - - - - -
・
皆さんの素敵な投稿をぜひ紹介させてください！
#洒落男子 または sharedanshi をタグ付けして
男性のモテ投稿をしてくださったら嬉しいです😊
・
- - - - - - - - - - - - - - - - - - - - - - - - - - - - - -
・",2021-10-27T11:15:49+0000,['#洒落男子']
"2022/01/06, 22:18:50",1385,17912903629990237,37,"ezaf.me
・・・
今、フツフツと話題上昇中のジェンダーニュートラルコスメブランド
「LAKA」は皆さん知っていますか？？😮💭

今回はFAZEモデルの３人、たかや（takayact）とりょう（tjmr_0414）、遊歩（ufo.sadaoka）で そのLAKAを試してみました！
他にもTikTokでバズっているものがあれば是非 教えてください🌷

#メンズコスメ #メンズメイク #メンズ美容 #美容男子 #韓国男子 #韓国メイク #韓国コスメ #韓国スキンケア #ジェンダーニュートラルコスメ #ジェンダーレスコスメ #ジェンダーニュートラル #ジェンダーレス #ジェンダーレス女子 #LAKA #라카#genderneutralbeauty #genderneutral #NALC #CERAPLE #GIVENCHY #ジバンシー #athletia #ナルク #セラプル #アスレ #コスメレポ #使ってみた #インスタ漫画 #한국화장품
・
ezaf.me さんの素敵な投稿をリポストさせていただきました！！
- - - - - - - - - - - - - - - - - - - - - - - - - - - - - -
・
皆さんの素敵な投稿をぜひ紹介させてください！
#洒落男子 または sharedanshi をタグ付けして
男性のモテ投稿をしてくださったら嬉しいです😊
・
- - - - - - - - - - - - - - - - - - - - - - - - - - - - - -
・",2021-10-21T12:39:25+0000,"['#メンズコスメ', '#メンズメイク', '#メンズ美容', '#美容男子', '#韓国男子', '#韓国メイク', '#韓国コスメ', '#韓国スキンケア', '#ジェンダーニュートラルコスメ', '#ジェンダーレスコスメ', '#ジェンダーニュートラル', '#ジェンダーレス', '#ジェンダーレス女子', '#LAKA', '#라카', '#genderneutralbeauty', '#genderneutral', '#NALC', '#CERAPLE', '#GIVENCHY', '#ジバンシー', '#athletia', '#ナルク', '#セラプル', '#アスレ', '#コスメレポ', '#使ってみた', '#インスタ漫画', '#한국화장품', '#洒落男子']"
"2022/01/06, 22:18:50",1385,17934246085693558,32,"mens_makeup1
・・・
肌の悩みをしっかり隠す！
コンシーラーのご紹介！

こんばんは、
たーです☺️ mens_makeup1 

皆さんは
大事な日が必ず訪れると思います。

学生の方なら
好きな人とお会いする時、
デートする時

社会人の方なら
大事な営業
重要なプレゼンテーション

そんな時に肌が荒れていたり、
青髭が目立っていると
印象が悪くなってしまいます
そんな時はコンシーラー！
コンシーラーを使うと
・ニキビ
・青髭
・くま
・シミ
などなど肌悩みを隠すことができます！

なので一つは持っておいて
損はないです！

1#null 
コレクティブペン
2680円

2#orbismr 
スポットシュート　コンシーラー
2200円

3#dhc薬用 
アクネケアコンシーラー
1390円

4#アンドビー 
ファンシーラー
3850円

5#ザセム 
カバーパーフェクション　
チップコンシーラー
500円

#コンシーラー 
#メンズメイク 
#メンズコスメ垢 
#メンズコスメ 
#メンズコスメ好きと繋がりたい 
#メンズコスメブランド 
#韓国メンズメイク 
#メイク男子 
#メンズメイクやり方 
#韓国コスメおすすめ 
#ニキビ対策 
#ニキビ痕 
#青髭
・
mens_makeup1 さんの素敵な投稿をリポストさせていただきました！！
- - - - - - - - - - - - - - - - - - - - - - - - - - - - - -
・
皆さんの素敵な投稿をぜひ紹介させてください！
#洒落男子 または sharedanshi をタグ付けして
男性のモテ投稿をしてくださったら嬉しいです😊
・
- - - - - - - - - - - - - - - - - - - - - - - - - - - - - -
・",2021-10-20T11:26:57+0000,"['#null', '#orbismr', '#dhc薬用', '#アンドビー', '#ザセム', '#コンシーラー', '#メンズメイク', '#メンズコスメ垢', '#メンズコスメ', '#メンズコスメ好きと繋がりたい', '#メンズコスメブランド', '#韓国メンズメイク', '#メイク男子', '#メンズメイクやり方', '#韓国コスメおすすめ', '#ニキビ対策', '#ニキビ痕', '#青髭', '#洒落男子']"
"2022/01/06, 22:18:50",1385,17938340560640941,31,"pepepemen
・・・
美肌への第1歩！朝と夜のスキンケア方法

一日の始まりと一日の終わりにしっかり肌のケアをすることで、綺麗な肌にグンと近づくことが出来ます。

今まで朝だけやっていた…夜しかしてなかった…
そんな方は、朝と夜の両方スキンケアで美肌さん達の仲間入りをしましょう！

今回は、朝と夜のスキンケア方法や気をつけるポイントをご紹介していきます！

ーーーーーーーーーーーーーーーーーーーーーーー

メンズスキンケアに役立つ情報をほぼ毎日配信してます！

投稿のいいね・保存、アカウントのフォローをして頂けるとすごく嬉しい+更新の励みになりますのでよろしくお願いします⭐︎

PEPEPEMENのメディアも覗いてみてください(^^)

pepepemen

ーーーーーーーーーーーーーーーーーーーーーーー

#pepepemen #ペペペメン #メンズ美容 #美容男子 #美容男子部 #美肌男子 #美容男子と繋がりたい #美肌 #メンズコスメ #メンズ化粧品 #美肌になりたい #男の肌ケア #メンズコスメ初心者 #メンズスキンケア初心者 #メンズ美肌 #美肌男子への第一歩 #朝のスキンケア #夜のスキンケア #スキンケアの大切さ #スキンケアのポイント #保湿の仕方 #肌の乾燥を防ぐ #カサカサ肌対策 #メンズ乳液 #メンズクリーム #メンズ化粧水 #メンズ美容液 #スキンケアの順番 #肌のお手入れ大切
・
pepepemen さんの素敵な投稿をリポストさせていただきました！！
- - - - - - - - - - - - - - - - - - - - - - - - - - - - - -
・
皆さんの素敵な投稿をぜひ紹介させてください！
#洒落男子 または sharedanshi をタグ付けして
男性のモテ投稿をしてくださったら嬉しいです😊
・
- - - - - - - - - - - - - - - - - - - - - - - - - - - - - -
・",2021-10-19T11:27:39+0000,"['#pepepemen', '#ペペペメン', '#メンズ美容', '#美容男子', '#美容男子部', '#美肌男子', '#美容男子と繋がりたい', '#美肌', '#メンズコスメ', '#メンズ化粧品', '#美肌になりたい', '#男の肌ケア', '#メンズコスメ初心者', '#メンズスキンケア初心者', '#メンズ美肌', '#美肌男子への第一歩', '#朝のスキンケア', '#夜のスキンケア', '#スキンケアの大切さ', '#スキンケアのポイント', '#保湿の仕方', '#肌の乾燥を防ぐ', '#カサカサ肌対策', '#メンズ乳液', '#メンズクリーム', '#メンズ化粧水', '#メンズ美容液', '#スキンケアの順番', '#肌のお手入れ大切', '#洒落男子']"
"2022/01/06, 22:18:50",1385,17910766235111725,29,"0508_makeup
・・・
【デート前日にに行うスキンケア5選】
・クレンジング
・泥パック
・通常のスキンケア
・パック
・ナイトクリーム
.
あなたのいいねや保存で
あなたと同じ悩みの誰かに
この情報をシェアできます。
.
【毎日投稿】
ほとんどの人が出来ない
自分磨き・モテテク・恋愛相談について投稿してます！
見逃さないようにフォローをよろしくお願いします！
.
.
✔️外見磨きで垢抜けたい
✔️かっこよくなってモテモテになりたい
✔️過去のダサい自分を捨てたい
✔️女子ウケする方法を知りたい
✔️童貞を卒業したい！

という方はこちらのプロフィールから
LINEに追加してください！
その悩み解決します！
.
↓↓↓↓↓↓↓↓↓↓↓↓↓↓↓↓↓↓

0508_makeup
snoop.y0505

こちらで公式LINEに追加して
なんでも相談してください！
一緒に磨き上げましょう！

sukilabo 
monotone_danshi 
asap_official.jp 
sharedanshi 
ezaf.me 
mencos_jp 
.
#メンズスキンケア #メンズコスメ #メンズ美容 #美容男子 #垢抜け #スキンケア男子 #ニキビケア #ニキビスキンケア #ニキビ治したい #清潔感 #自分磨き #メンズ化粧品 #ニキビ改善 #ニキビ治らない #メンズコスメ好きと繋がりたい #コスメ垢初心者 #ニキビ治らない #顎ニキビ #垢抜ける方法 #自分磨きノート #自分磨き垢 #スキンケア紹介 #スキンケア方法 #スキンケア商品 #ニキビ肌改善 #boysbeauty #mencos #洒落男子 #モノダン #スキラボ
・
0508_makeup さんの素敵な投稿をリポストさせていただきました！！
- - - - - - - - - - - - - - - - - - - - - - - - - - - - - -
・
皆さんの素敵な投稿をぜひ紹介させてください！
#洒落男子 または sharedanshi をタグ付けして
男性のモテ投稿をしてくださったら嬉しいです😊
・
- - - - - - - - - - - - - - - - - - - - - - - - - - - - - -
・",2021-10-18T11:23:32+0000,"['#メンズスキンケア', '#メンズコスメ', '#メンズ美容', '#美容男子', '#垢抜け', '#スキンケア男子', '#ニキビケア', '#ニキビスキンケア', '#ニキビ治したい', '#清潔感', '#自分磨き', '#メンズ化粧品', '#ニキビ改善', '#ニキビ治らない', '#メンズコスメ好きと繋がりたい', '#コスメ垢初心者', '#ニキビ治らない', '#顎ニキビ', '#垢抜ける方法', '#自分磨きノート', '#自分磨き垢', '#スキンケア紹介', '#スキンケア方法', '#スキンケア商品', '#ニキビ肌改善', '#boysbeauty', '#mencos', '#洒落男子', '#モノダン', '#スキラボ', '#洒落男子']"
"2022/01/06, 22:18:50",1385,17924133913798355,23,"wear_tomoki
・・・
ミドル丈のアウター2種類でコーデ

白色の使い方を意識してます。

白は黒を最も引き立てる色で白の面積により、与える印象が変わってきます。

白の面積を多くすればカジュアル寄りに、白の面積を少なくすればキレイめに近づきます。

………………………………………………………………………
このアカウントでは、色彩の知識を生かして真似しやすい服装を情報発信しています。参考になった方はいいね、保存、フォローもぜひお願いします⤵︎
wear_tomoki

#WEGO#ユニクロ#wym #HARE
#白パンツ白ブルゾン#ホワイトコーデ
#アイボリー#ブルゾン
#大学生コーデ⠀
#学生コーデ⠀
#大人コーデ⠀
#カジュアル
#きれいめコーデ#きれいめ
#プチプラ#プチプラコーデ#zozotown#wear⠀
#oulfit#ootd⠀
#coordinate#fashon#fashionpost#instafashion⠀
 #좋아요반사
・
wear_tomoki さんの素敵な投稿をリポストさせていただきました！！
- - - - - - - - - - - - - - - - - - - - - - - - - - - - - -
・
皆さんの素敵な投稿をぜひ紹介させてください！
#洒落男子 または sharedanshi をタグ付けして
男性のモテ投稿をしてくださったら嬉しいです😊
・
- - - - - - - - - - - - - - - - - - - - - - - - - - - - - -
・",2021-10-13T11:15:24+0000,"['#WEGO', '#ユニクロ', '#wym', '#HARE', '#白パンツ白ブルゾン', '#ホワイトコーデ', '#アイボリー', '#ブルゾン', '#大学生コーデ⠀', '#学生コーデ⠀', '#大人コーデ⠀', '#カジュアル', '#きれいめコーデ', '#きれいめ', '#プチプラ', '#プチプラコーデ', '#zozotown', '#wear⠀', '#oulfit', '#ootd⠀', '#coordinate', '#fashon', '#fashionpost', '#instafashion⠀', '#좋아요반사', '#洒落男子']"
"2022/01/06, 22:18:50",1385,17950994206527251,22,"#PR aoluam
・・・
.
10/7より開始したイベントの告知になります📣

🧚🏻‍♂️AOLUAM渋谷ビジョン
モデルオーディション🧚🏻‍♂️

洗顔料・オールインワン化粧水
AOLUAMのHP掲載モデル・アンバサダー枠を狙えるチャンス！

さらに、PRモデルとして渋谷の街頭ビジョンの
モデルになれる大チャンス✨

AOLUAMとは・・・
「一瞬で気に入って、永遠に使い続けて、幸せになってほしい。」
そんな意味が込められています。

自然の美しさがふんだんに詰まった
AOLUAMがこだわって選んだ天然由来成分を贅沢に配合🌿

すべての製品に天然由来成分99％配合、
11種類の添加剤フリー設計で、テカリのあるベタついた男性の肌に、
これからの季節に悩める乾いた肌、そして潤いと心地よさを与えます。

渋谷の大きなビジョンに映れるビックチャンス！！
いますぐエントリー渋谷街頭ビジョンモデルになっちゃおう！

詳しくはdmへ🌟

#ミクチャ #ミクチャライブ #ミクチャ女子 #ミクチャライバー #ミクチャ男子 #ライバー
#boom #LINELIVE #LINEライバー #配信者 #ラインライブ
#aoluam #aoluamモデル #広告モデル  #渋谷 #自分をバズらせろ #オーガニックと生きる #メンズ美容を当たり前に #アオルアム #メンズ美容 #男の肌ケア #エコ #サスティナブル  #サスティナブルコスメ  #ヴィーガンコスメ #応募企画 #応募  #アンバサダー募集
・
aoluam さんの素敵な投稿をリポスト、PRさせていただきました！！
- - - - - - - - - - - - - - - - - - - - - - - - - - - - - -
・
皆さんの素敵な投稿をぜひ紹介させてください！
#洒落男子 または sharedanshi をタグ付けして
男性のモテ投稿をしてくださったら嬉しいです😊
・
- - - - - - - - - - - - - - - - - - - - - - - - - - - - - -
・",2021-10-12T11:48:43+0000,"['#PR', '#ミクチャ', '#ミクチャライブ', '#ミクチャ女子', '#ミクチャライバー', '#ミクチャ男子', '#ライバー', '#boom', '#LINELIVE', '#LINEライバー', '#配信者', '#ラインライブ', '#aoluam', '#aoluamモデル', '#広告モデル', '#渋谷', '#自分をバズらせろ', '#オーガニックと生きる', '#メンズ美容を当たり前に', '#アオルアム', '#メンズ美容', '#男の肌ケア', '#エコ', '#サスティナブル', '#サスティナブルコスメ', '#ヴィーガンコスメ', '#応募企画', '#応募', '#アンバサダー募集', '#洒落男子']"
"2022/01/06, 22:18:50",1385,17903320673245942,36,"sh_nemui
・・・
・
これでコルセットキツキツに巻いてるのおもろ
(これ撮るためだけに外出た)
・
・
 #uniqlo #adoonplain 

#セットアップ #セットアップコーデ #雰囲気好きな人いいね #お洒落さんと繋がりたい #服好きな人と繋がりたい #雰囲気 #自発ください #いいね返し #いいねした人全員フォローする #likeforlikes #like4likes #likeforfollow #like4follow #l4l #l4f #lfl #f4f #fff #fffで繋がろう
・
sh_nemui さんの素敵な投稿をリポストさせていただきました！！
- - - - - - - - - - - - - - - - - - - - - - - - - - - - - -
・
皆さんの素敵な投稿をぜひ紹介させてください！
#洒落男子 または sharedanshi をタグ付けして
男性のモテ投稿をしてくださったら嬉しいです😊
・
- - - - - - - - - - - - - - - - - - - - - - - - - - - - - -
・",2021-10-11T11:23:08+0000,"['#uniqlo', '#adoonplain', '#セットアップ', '#セットアップコーデ', '#雰囲気好きな人いいね', '#お洒落さんと繋がりたい', '#服好きな人と繋がりたい', '#雰囲気', '#自発ください', '#いいね返し', '#いいねした人全員フォローする', '#likeforlikes', '#like4likes', '#likeforfollow', '#like4follow', '#l4l', '#l4f', '#lfl', '#f4f', '#fff', '#fffで繋がろう', '#洒落男子']"
